msisdn,tower_id,call_type,dest_nr,call_duration_sec,start_time
5519312772234,519,voice,1941898641248,1561,2024-01-01 06:57:52.901347
0304702597428,811,video,4613905026286,923,2024-01-01 06:53:33.107442
8654436085702,745,voice,4172571708009,1482,2024-01-01 06:56:13.312058
4146691890119,1661,video,3925057399956,1227,2024-01-01 06:50:54.988542
3080139945424,641,video,5956403141421,1386,2024-01-01 06:46:48.325995
9863195486038,40,video,9517432963928,35,2024-01-01 06:56:18.964509
5852000853650,1258,voice,1172605377295,1324,2024-01-01 06:50:17.903123
6043352397010,8,voice,8450699355386,1458,2024-01-01 06:57:55.116285
9783968602969,354,voice,1550515883936,159,2024-01-01 06:51:00.385657
0961733938113,415,voice,0853301329402,1270,2024-01-01 06:56:49.792327
6841877688738,1245,video,4221970518552,438,2024-01-01 06:55:14.251251
0054246741053,1410,video,8043802110119,686,2024-01-01 06:56:26.172214
3471616405289,1418,video,0535363237544,745,2024-01-01 06:43:29.875104
6594521643846,145,video,2793589986878,459,2024-01-01 06:55:14.170643
6190919871804,1821,voice,0710846309243,406,2024-01-01 06:47:49.859828
8111530819728,356,voice,4246220101011,1074,2024-01-01 06:48:02.719015
7510790290208,571,video,1261342650678,1267,2024-01-01 06:49:52.968940
5432001906553,867,voice,8189837906604,140,2024-01-01 06:42:45.613217
8356837020280,1093,voice,6575702118545,1111,2024-01-01 06:52:28.947365
0701691130738,1017,voice,1185617071567,1455,2024-01-01 06:52:13.455092
4230100658148,611,voice,4500088236243,725,2024-01-01 06:43:53.089847
8700172109190,1991,voice,1898761157804,845,2024-01-01 06:46:36.631162
7646020717390,836,video,8111269618135,1325,2024-01-01 06:54:25.764096
1003763639131,512,video,9093012276933,532,2024-01-01 06:57:52.698696
9978598820846,1030,video,1467491940989,396,2024-01-01 06:52:55.992119
0114097342361,454,voice,2149640652815,224,2024-01-01 06:42:27.853797
5897027876729,454,video,1165335646032,1562,2024-01-01 06:42:42.409974
9414791174477,1415,voice,9930898732147,1348,2024-01-01 06:49:55.634006
2039714907917,1480,voice,6448080330937,1361,2024-01-01 06:43:34.983368
2650031076653,318,voice,7917331995667,888,2024-01-01 06:57:53.695404
5864624840538,946,voice,4819260241510,951,2024-01-01 06:55:16.824460
6837348482368,1181,video,2842383259084,1641,2024-01-01 06:42:37.606910
9272128242450,1250,video,9564000148342,388,2024-01-01 06:44:20.187154
6551914096874,1171,video,9550787306473,850,2024-01-01 06:54:42.542203
8729611070611,1333,voice,1728679439503,547,2024-01-01 06:43:28.282921
7155031299198,896,video,1331148654407,1597,2024-01-01 06:45:47.685146
6478182321239,1530,voice,4042527654359,1348,2024-01-01 06:50:08.773083
5903882866382,725,video,2994672887050,1777,2024-01-01 06:48:26.192468
1901559388111,335,voice,9326504632395,865,2024-01-01 06:57:59.778909
1823612500586,1683,voice,0909657677114,588,2024-01-01 06:43:31.904481
9849555828991,517,video,4109932615157,1628,2024-01-01 06:42:06.227010
6874806840111,630,voice,1694603482875,1625,2024-01-01 06:51:40.393008
0092288386490,73,video,6448650354076,1226,2024-01-01 06:55:57.640227
6048950720631,1055,video,1802012472026,396,2024-01-01 06:50:24.355148
7119361824423,163,voice,9633133105659,640,2024-01-01 06:42:11.681591
7584414683918,1026,voice,7362126343819,1112,2024-01-01 06:45:14.991501
7992731322980,682,video,6679939211915,329,2024-01-01 06:42:53.496190
5037941992030,939,voice,9551865923413,576,2024-01-01 06:52:40.797950
5013539084669,1130,voice,8908838550749,1357,2024-01-01 06:58:12.786149
9861025942620,63,video,5626750789780,69,2024-01-01 06:57:22.921268
8525644158909,738,voice,6563841048410,720,2024-01-01 06:45:17.581813
8987898091859,701,video,8302466567230,1743,2024-01-01 06:49:49.559316
1060325637285,1257,voice,5036639068462,1752,2024-01-01 06:44:16.049553
8629841863858,1858,voice,1984882161271,732,2024-01-01 06:45:58.205151
3715849866542,845,video,3564631580976,1723,2024-01-01 06:53:19.904113
6333858416511,302,video,4929848276328,1315,2024-01-01 06:55:49.576017
0827611329663,739,voice,9286396374362,448,2024-01-01 06:45:28.047171
8788614756952,628,video,4173886617902,949,2024-01-01 06:46:10.270492
1744220575494,480,voice,1600331817974,902,2024-01-01 06:56:25.477742
9715530272385,216,voice,5290093931933,153,2024-01-01 06:51:56.815904
0269052309309,1359,video,9381529277496,350,2024-01-01 06:55:42.683231
4528316578718,369,voice,4067146162422,539,2024-01-01 06:46:43.854263
3005410487073,998,voice,4930973154601,1041,2024-01-01 06:55:40.625029
0909387108672,348,voice,2169325577985,759,2024-01-01 06:47:18.125582
7235906076430,636,voice,4961277358307,168,2024-01-01 06:58:25.170752
8884056140052,1522,voice,9761038084176,133,2024-01-01 06:45:12.161955
3309611392658,802,video,2720253555739,481,2024-01-01 06:57:44.316581
0990292891951,1332,voice,0349167477131,833,2024-01-01 06:57:54.822847
3522933818821,904,voice,8624611766144,152,2024-01-01 06:55:30.349861
8208801113674,526,voice,4999792041931,296,2024-01-01 06:55:10.403806
9035183705014,1970,voice,3078297262505,1282,2024-01-01 06:52:10.658458
5758823445580,1235,voice,9964991738074,1449,2024-01-01 06:52:50.510966
5515172804388,580,voice,9877094101666,904,2024-01-01 06:45:18.802027
2445882925471,127,voice,6870082727876,536,2024-01-01 06:55:34.712954
4505762759010,1247,voice,0223740085017,896,2024-01-01 06:46:24.118743
5013188167723,611,video,9318383905760,762,2024-01-01 06:51:41.260883
2734332962021,1015,video,9402494877800,151,2024-01-01 06:43:32.597755
7198396273671,1273,voice,5388923899418,1352,2024-01-01 06:51:29.990914
3837010016975,109,voice,7014342203816,1576,2024-01-01 06:51:41.323925
5170636272535,1463,video,6637934663093,671,2024-01-01 06:42:16.160440
8715030365592,1392,voice,1463025267041,1047,2024-01-01 06:44:33.582484
2227631882020,1137,voice,9103597457866,115,2024-01-01 06:50:34.719855
0365498301502,1907,voice,3574104364383,1181,2024-01-01 06:50:29.683391
9693186686852,1736,video,2963252108867,610,2024-01-01 06:43:41.847292
4441758508314,676,voice,3987316027044,213,2024-01-01 06:42:13.162135
4683798604560,1369,video,1875533363513,579,2024-01-01 06:56:13.074200
4672127485117,1479,video,9911110608401,640,2024-01-01 06:45:32.346455
9837105628299,20,voice,9259961721561,627,2024-01-01 06:43:42.604504
6200835536580,1991,voice,6379298225822,750,2024-01-01 06:55:03.356678
6646438350014,691,voice,3539316313536,571,2024-01-01 06:50:06.620315
6291239110197,823,voice,6902705993937,1756,2024-01-01 06:45:21.201295
5846901316896,1837,voice,6720984986865,1437,2024-01-01 06:54:21.701895
1067268505524,1981,video,2609408170881,267,2024-01-01 06:57:06.754309
9340424377664,562,video,0436619097393,655,2024-01-01 06:44:37.833010
6560808325491,1028,video,7489806111573,209,2024-01-01 06:50:59.043535
5525766159004,1706,video,4325636981809,986,2024-01-01 06:58:20.396046
8351760300423,1545,video,4510172416592,1702,2024-01-01 06:54:14.618099
7236469080021,1347,voice,1349513009963,609,2024-01-01 06:55:38.063503
2395125925525,703,video,6792347228373,1185,2024-01-01 06:54:42.839338
3479230845361,1919,voice,6358731276112,413,2024-01-01 06:57:04.139629
7279966062288,1744,video,2104272566888,926,2024-01-01 06:48:25.133902
5074982859293,1437,video,7345852828736,706,2024-01-01 06:49:28.576357
9550206407606,1795,video,6932241606290,561,2024-01-01 06:48:03.030163
4165399191520,1258,voice,3108892162131,404,2024-01-01 06:42:25.146678
7456554044271,1040,video,9795349597038,1023,2024-01-01 06:42:30.814659
6249902227246,1699,voice,4797623144624,325,2024-01-01 06:55:55.025918
3932765504626,1192,video,7236666979475,265,2024-01-01 06:54:39.249253
3301161819038,1173,video,9140050954079,1576,2024-01-01 06:49:40.142428
9552753767262,1462,video,7910767914806,1559,2024-01-01 06:51:35.068420
4121090779821,402,video,3619783505140,592,2024-01-01 06:57:16.967115
1635019942544,1250,video,9019771773931,964,2024-01-01 06:45:35.833349
4538300178730,1859,video,3563037065885,1118,2024-01-01 06:52:34.113075
9873076683256,1633,voice,1515021224412,74,2024-01-01 06:44:30.348256
6007201872970,1492,voice,7005165805946,461,2024-01-01 06:51:03.056982
3978570641206,522,voice,9166525327130,1581,2024-01-01 06:55:16.679564
9772598828537,100,voice,7616896732602,1101,2024-01-01 06:50:59.618918
8958245510208,1947,video,5263671769602,351,2024-01-01 06:51:17.238714
1443939243794,806,voice,6565333445461,181,2024-01-01 06:48:13.822890
6412859762832,251,video,0898546539307,940,2024-01-01 06:44:53.893885
4484256691270,597,voice,8771707042142,1520,2024-01-01 06:52:19.075058
9654872473734,135,video,2497547649713,568,2024-01-01 06:47:30.786368
5315212382992,1578,voice,1725010242573,1437,2024-01-01 06:51:03.400622
4001136525447,1150,video,0013351695718,1097,2024-01-01 06:51:58.116104
9002014488999,16,voice,8770481382844,902,2024-01-01 06:46:35.558438
6953148005730,45,video,7757086147132,830,2024-01-01 06:52:39.137548
5724710678695,1771,voice,3302175871578,1316,2024-01-01 06:46:50.585081
5582833023504,340,video,8439281736886,1033,2024-01-01 06:47:13.210091
8355613388968,841,video,0641485791780,1750,2024-01-01 06:45:59.201320
8323047306638,453,video,4795441100722,1043,2024-01-01 06:49:08.340833
8506718330319,434,video,6296815146339,1745,2024-01-01 06:56:08.161680
8147636367279,1215,voice,9379847997740,1233,2024-01-01 06:54:28.329576
3499421980738,77,voice,5751462280510,846,2024-01-01 06:56:43.782465
0567396689662,720,video,0195200760645,568,2024-01-01 06:49:22.623569
3156368966159,483,voice,9803675975287,927,2024-01-01 06:42:34.282494
0714225391581,1260,video,8781212518914,236,2024-01-01 06:52:41.817137
0702598650658,1516,video,5385207508438,269,2024-01-01 06:51:56.623528
5997219576579,987,voice,7669039194390,892,2024-01-01 06:43:40.333105
1239922649267,1878,voice,6396265248802,468,2024-01-01 06:47:01.463831
9680216159743,1319,video,5416072303342,610,2024-01-01 06:56:16.345287
7846348964606,1186,video,7181271651559,867,2024-01-01 06:42:15.840892
1225682058116,1925,video,2736839558532,1440,2024-01-01 06:48:22.616698
5397784681720,690,video,4392419309806,743,2024-01-01 06:56:22.915446
0388064628941,1144,video,9309567308923,1545,2024-01-01 06:48:07.086319
1481147248148,1947,voice,8780124565930,804,2024-01-01 06:54:38.378918
5211093304244,1464,voice,3692630069730,1515,2024-01-01 06:53:53.226273
9344138455090,1804,voice,9083010662302,143,2024-01-01 06:53:40.474672
8262254187052,639,voice,1377760726231,414,2024-01-01 06:54:39.290249
8711625816972,1920,video,5450126962273,346,2024-01-01 06:48:01.843859
7344983864031,1912,video,9142359627410,733,2024-01-01 06:54:33.535674
9677581677736,1188,voice,4145700482488,1610,2024-01-01 06:52:37.006106
0996500020762,422,voice,7106541655125,268,2024-01-01 06:48:55.487802
7541974333387,126,video,8792544018828,1244,2024-01-01 06:43:59.682770
5114323215156,1625,voice,6876017896880,492,2024-01-01 06:55:52.058470
7946775121412,1298,voice,8853199158713,1661,2024-01-01 06:48:24.497473
9212516132452,366,voice,2688326204478,84,2024-01-01 06:55:13.969730
1106361378585,1703,video,1934792306380,1195,2024-01-01 06:43:42.503461
4717446728132,1785,voice,2256700421491,1144,2024-01-01 06:56:45.007318
5542530376025,1078,video,9049288738831,783,2024-01-01 06:56:02.138254
0442305900648,267,video,7428083262281,265,2024-01-01 06:54:01.937411
8173965164301,1990,video,6077584428013,837,2024-01-01 06:47:29.634373
6136321010191,1181,video,6771727860270,809,2024-01-01 06:45:22.855847
0305053559328,499,video,5973521620132,27,2024-01-01 06:57:41.799745
3386644257901,802,voice,8686505157044,473,2024-01-01 06:47:46.178848
4508617152391,583,voice,0361058379757,771,2024-01-01 06:54:28.245198
2421016677967,1845,video,2354906741613,426,2024-01-01 06:53:26.355716
5347798854367,1050,voice,6521640046006,370,2024-01-01 06:57:02.763917
4688665013033,333,video,8410369600906,483,2024-01-01 06:56:04.603962
0239523479142,1420,video,5013370317259,1701,2024-01-01 06:47:16.154010
7304215163996,589,video,7179058334200,684,2024-01-01 06:48:54.927208
5809365064870,572,voice,7790947000690,1185,2024-01-01 06:50:07.684901
7895449272705,665,voice,0117727554052,1583,2024-01-01 06:51:16.977087
2176514773539,1933,video,7016782947048,658,2024-01-01 06:55:16.570486
4042084101323,411,video,3687417384705,1438,2024-01-01 06:50:49.019481
8345461989992,197,video,5608132240513,990,2024-01-01 06:50:18.509685
7511450054498,262,voice,6305086691674,1430,2024-01-01 06:52:03.037970
2864169641004,477,video,7877459510543,1442,2024-01-01 06:45:18.403020
7279272891931,253,video,3254818179437,1445,2024-01-01 06:46:37.675267
6673242698741,901,voice,3590124302151,791,2024-01-01 06:55:26.869285
7334966446878,1353,video,6954838306188,1413,2024-01-01 06:53:52.227892
9844589598985,31,video,6776191791304,692,2024-01-01 06:46:08.250924
6515310278985,1892,voice,1465220558097,568,2024-01-01 06:45:13.747362
5855886074859,1628,voice,4208756393709,384,2024-01-01 06:52:14.333711
4221738096942,1675,voice,6551755535251,1089,2024-01-01 06:57:59.095157
7831454293743,130,video,0077714050779,368,2024-01-01 06:56:17.999444
4946378873194,1675,video,8643322076352,1465,2024-01-01 06:43:43.670481
7188319550022,1277,voice,9834013363816,966,2024-01-01 06:52:09.226727
5327270617622,1366,voice,8443816264590,1173,2024-01-01 06:55:55.256427
8059769981773,1299,voice,9879171158211,1562,2024-01-01 06:52:27.831898
4277906774836,761,voice,5374103561308,1005,2024-01-01 06:44:27.349747
3005832825539,456,voice,8986736082877,1242,2024-01-01 06:45:56.902674
2739593974079,1401,video,4314718499187,1752,2024-01-01 06:47:15.349419
0063128767471,1524,voice,3954254720657,349,2024-01-01 06:49:27.139256
1255407199908,1745,video,7713351345350,966,2024-01-01 06:51:01.815035
5401210425699,1558,voice,3870233352204,853,2024-01-01 06:50:49.454261
5041823771310,1993,video,1756080418852,1697,2024-01-01 06:56:30.886293
4006919439253,84,video,4876649976825,733,2024-01-01 06:56:12.953555
0686486549532,1280,video,0429325277330,1738,2024-01-01 06:46:12.184336
0392992984021,487,video,4120516687547,789,2024-01-01 06:51:28.310485
3957533553395,1059,video,9678021770667,242,2024-01-01 06:49:55.225400
4740016678195,1195,video,0475008953130,913,2024-01-01 06:44:30.682419
2567788924818,1818,video,7519066269210,366,2024-01-01 06:42:29.636852
7489934666657,199,voice,8523242418634,731,2024-01-01 06:52:34.285362
7113552017239,316,video,1266587035593,245,2024-01-01 06:44:50.581988
7015615684400,1903,video,8234100397891,131,2024-01-01 06:46:44.945245
7289281156708,1139,video,5567459351854,1366,2024-01-01 06:56:10.803504
1717394367110,1746,voice,8079503587949,1643,2024-01-01 06:47:23.918467
0407183217722,580,video,6214753897426,722,2024-01-01 06:53:46.320311
1146694725060,578,video,5005715526566,1581,2024-01-01 06:53:49.401528
7891853996006,400,video,7953210664116,283,2024-01-01 06:56:39.553219
7342264239891,904,video,1019472964557,42,2024-01-01 06:48:51.921206
4743708375964,461,video,2814867581689,379,2024-01-01 06:47:48.065041
8658992055055,1804,video,3036148990518,1507,2024-01-01 06:53:36.171517
2221455358278,78,voice,5202468720281,286,2024-01-01 06:49:32.946409
7906055279275,640,video,9142075842255,683,2024-01-01 06:50:33.007215
8069374067280,770,voice,5213350575656,441,2024-01-01 06:58:00.166265
7042599794391,190,voice,5479799221262,870,2024-01-01 06:52:33.182663
9875677205981,693,video,8187514365644,163,2024-01-01 06:51:39.209343
8744143380516,1101,voice,7313347114984,116,2024-01-01 06:54:01.958417
1376450454088,431,voice,7018813688771,354,2024-01-01 06:52:12.928906
3215105927462,1603,video,3993437814920,132,2024-01-01 06:45:35.769722
8730147351766,310,voice,4022687040015,152,2024-01-01 06:43:38.925265
1707614108115,386,voice,4733498318979,387,2024-01-01 06:48:03.193061
0015091429030,1417,voice,7083008632659,457,2024-01-01 06:56:39.678047
7622913934570,1282,video,1617525734797,1762,2024-01-01 06:57:08.368150
0095789218112,1772,video,2160066409801,626,2024-01-01 06:42:28.665067
9766272022590,732,video,4146378244922,447,2024-01-01 06:56:24.840434
6298205692546,327,video,8444292986982,451,2024-01-01 06:42:32.130282
2550591019040,339,video,7364880078349,699,2024-01-01 06:57:14.728979
3615084982301,100,video,3413853378585,1764,2024-01-01 06:47:32.978168
8650545219132,33,video,9161823676507,481,2024-01-01 06:48:19.158042
3758699491549,1258,voice,4975705977858,402,2024-01-01 06:58:31.522804
8738256802560,1906,video,5957988538214,955,2024-01-01 06:55:51.424901
6594274407890,805,voice,4276988014128,217,2024-01-01 06:43:32.605122
9052611295573,1312,voice,2223561317443,1130,2024-01-01 06:44:19.882971
5705140679123,592,video,6943311441793,890,2024-01-01 06:48:01.052760
7387488747889,1782,voice,1599298825655,866,2024-01-01 06:42:30.998293
7668658893761,234,video,6069293859726,1296,2024-01-01 06:51:39.486354
1808395477833,685,voice,1889726446499,1433,2024-01-01 06:46:49.397835
2880396999142,165,voice,5880624563129,280,2024-01-01 06:46:31.514050
7563185541312,1799,voice,8991026045022,840,2024-01-01 06:57:04.509178
0406851786369,1521,video,5968308504538,424,2024-01-01 06:52:47.063046
2844524458993,1022,video,6094673745276,1665,2024-01-01 06:51:35.035848
2680615810694,45,voice,2709205476734,755,2024-01-01 06:43:01.928356
5051271771038,1732,voice,3592657041502,943,2024-01-01 06:46:12.814583
6285304885932,1550,video,4413604911285,1624,2024-01-01 06:46:40.109699
7258632089225,1708,video,5204793716186,469,2024-01-01 06:44:50.500312
4949426319860,736,voice,6185937043659,442,2024-01-01 06:49:35.815821
8559487620035,881,video,4502319418858,1143,2024-01-01 06:54:56.831357
9951778844527,551,voice,2396021932016,1032,2024-01-01 06:53:09.548606
6042175793472,1095,voice,0220921960150,891,2024-01-01 06:50:17.051986
3587949693563,722,voice,7199347437411,36,2024-01-01 06:58:39.280594
6638949920757,1664,voice,0292848326496,1568,2024-01-01 06:42:56.479584
3343495449142,1607,video,9886189704986,554,2024-01-01 06:58:35.828104
3141993391927,1190,voice,1018379608767,1685,2024-01-01 06:53:08.159466
8317658993005,1272,video,3783924592051,356,2024-01-01 06:51:58.903791
7794100873127,467,video,4111097885519,589,2024-01-01 06:44:00.593613
6127364527787,782,video,9568763826909,852,2024-01-01 06:43:44.404505
9451515172302,1722,voice,9124906382678,1417,2024-01-01 06:52:14.749499
2969056449825,1341,video,2354306247485,1238,2024-01-01 06:55:24.179615
3113321307496,246,voice,2622199552324,708,2024-01-01 06:54:34.545686
2775216282854,997,voice,7741058856700,707,2024-01-01 06:46:33.308751
2448180898827,291,video,7305300721662,1658,2024-01-01 06:45:38.971567
0659006496260,1553,video,0139534777208,1407,2024-01-01 06:45:07.133239
0429561885464,1812,video,2892238966174,1566,2024-01-01 06:55:48.214758
6980371775232,1311,voice,5341229114364,1383,2024-01-01 06:48:11.041485
3735255616165,432,voice,6334949074890,1667,2024-01-01 06:44:38.242215
7506197356989,357,video,1179388218098,140,2024-01-01 06:54:59.077776
4162907055932,790,voice,8279720682068,612,2024-01-01 06:43:05.494599
6884062610505,1271,video,4268179460698,865,2024-01-01 06:51:51.888593
6742765868158,415,video,7178587994467,482,2024-01-01 06:46:25.465212
5496217587748,1657,voice,3212732086635,1542,2024-01-01 06:57:48.462413
5572666591497,307,video,8912609439543,1365,2024-01-01 06:54:25.731496
8633759471241,1607,voice,6048917325401,179,2024-01-01 06:44:43.207144
0288784920735,1106,video,3177748711653,781,2024-01-01 06:49:17.698925
4303956214486,1090,voice,3668166036046,1706,2024-01-01 06:43:36.327930
8375957027433,53,voice,9794858917395,1433,2024-01-01 06:55:05.096975
6653563910315,1964,voice,4322012594547,517,2024-01-01 06:55:51.318411
8236828248262,879,voice,5708986060232,940,2024-01-01 06:46:59.463272
8290802242034,1476,voice,7709704767246,1475,2024-01-01 06:47:54.462830
8620290461896,1829,voice,7259342140862,1291,2024-01-01 06:46:17.824080
2545836812264,1445,voice,3318969359868,531,2024-01-01 06:46:37.078825
5464752493367,739,voice,2596857550586,330,2024-01-01 06:48:39.317215
1080121893034,278,voice,2714390213115,44,2024-01-01 06:57:39.618397
1001456838455,33,voice,8104157434129,1513,2024-01-01 06:44:40.656388
7304382957129,184,video,9379847997740,212,2024-01-01 06:44:08.509249
7088700641348,1937,video,7347016773638,962,2024-01-01 06:51:06.902043
0007166269536,180,video,5992867858436,758,2024-01-01 06:57:40.829706
1559565434031,879,voice,9036969856547,1146,2024-01-01 06:47:34.876941
4887756295978,243,voice,0191852957835,1528,2024-01-01 06:48:52.221998
9058298455863,296,video,7423113391292,1143,2024-01-01 06:53:05.130336
7331008240837,791,voice,6986990525763,706,2024-01-01 06:53:24.524798
0139612097832,255,voice,6622545627239,497,2024-01-01 06:58:08.688069
9175704633007,518,video,3395199211923,1030,2024-01-01 06:53:06.609220
8609102994005,487,video,5782378631444,898,2024-01-01 06:47:48.856523
2309555998587,778,voice,7167997980516,1040,2024-01-01 06:47:44.439735
6433207411009,920,video,1995335089798,1090,2024-01-01 06:48:54.346307
7758121870900,268,voice,0781946495798,20,2024-01-01 06:43:24.325485
1682104109343,1542,voice,3109196268516,1368,2024-01-01 06:53:24.385148
3145999510170,521,voice,2191127271189,879,2024-01-01 06:50:25.079875
5969271954257,1504,video,7368301695227,24,2024-01-01 06:52:21.292945
4629651519393,1514,voice,1000152619337,870,2024-01-01 06:46:26.831379
7444313233265,961,voice,2797204244882,986,2024-01-01 06:50:04.914873
1256123716221,752,voice,7534108525989,927,2024-01-01 06:51:49.957531
0685190364434,1732,voice,7951332106581,1767,2024-01-01 06:58:16.343753
7836762813985,414,voice,4053603556177,23,2024-01-01 06:54:18.108206
4268171398514,705,video,8206607964338,1414,2024-01-01 06:44:12.602431
5908036242901,162,voice,8966472426963,669,2024-01-01 06:46:07.191368
8672665529507,1201,voice,7715891873246,265,2024-01-01 06:54:34.051257
4528109595593,304,voice,8148337682648,1170,2024-01-01 06:46:41.338879
4470656552772,1379,voice,1907043028863,385,2024-01-01 06:51:36.206106
5376126614089,581,voice,1812732700520,414,2024-01-01 06:44:45.656254
2176014703242,465,video,9790795982443,1260,2024-01-01 06:58:09.082051
5703575548805,1536,voice,9698946491794,1449,2024-01-01 06:57:14.835850
4073304947909,628,video,1290307330074,253,2024-01-01 06:55:15.044852
3321087474911,775,voice,1142454712236,734,2024-01-01 06:47:29.235385
9468811773084,433,voice,2771446082784,1306,2024-01-01 06:54:39.000203
0082682547974,825,voice,9888363281001,1772,2024-01-01 06:50:16.362072
2627048610866,1188,video,4765473795594,1355,2024-01-01 06:47:23.360826
8788600021876,866,voice,5390965996977,671,2024-01-01 06:42:39.539717
8863750496089,583,video,7901538818222,364,2024-01-01 06:53:25.323967
7531185069343,138,video,1083757942195,1558,2024-01-01 06:52:19.453688
2728360467337,1175,video,1650337374186,1552,2024-01-01 06:47:14.542485
8913861154769,809,video,3131289322233,1631,2024-01-01 06:52:00.017577
0914248013522,913,voice,7578683856649,200,2024-01-01 06:51:50.352761
9331512922433,697,video,2995647308017,569,2024-01-01 06:51:05.264988
7733130580576,1029,voice,0272420067206,754,2024-01-01 06:47:28.806589
2202736044713,1443,voice,5223744121015,1171,2024-01-01 06:49:27.104783
2881861307299,1058,video,4258409772702,996,2024-01-01 06:51:10.189868
3654553592214,1639,voice,2709162154225,101,2024-01-01 06:53:10.612114
8546624730921,795,video,7338201793537,615,2024-01-01 06:45:37.326782
1543527391452,1281,voice,9657315817985,1700,2024-01-01 06:57:12.312889
3774208284414,1906,video,3764187924035,319,2024-01-01 06:58:38.208782
6568644395495,102,voice,3070413875309,1729,2024-01-01 06:58:03.884773
1383314640414,1356,video,8863712352593,988,2024-01-01 06:46:51.552817
0828153893682,1655,voice,7200820426723,998,2024-01-01 06:51:06.505814
8676511495502,1483,video,9511723693560,1653,2024-01-01 06:50:42.224051
7065664349457,304,voice,5440945529537,942,2024-01-01 06:53:04.870957
2985951167969,1358,voice,7678630722446,1738,2024-01-01 06:43:30.596395
9002117053338,266,video,4579013248307,227,2024-01-01 06:55:43.535278
9069188945466,1702,voice,0916847327659,123,2024-01-01 06:43:56.897837
5790002200095,1839,voice,9843027122645,85,2024-01-01 06:47:44.743505
3600547628867,924,video,5720384644882,1772,2024-01-01 06:43:48.385410
3666925390170,1667,voice,8648442477396,677,2024-01-01 06:45:33.089942
8570090025050,1514,video,7718056794711,1769,2024-01-01 06:51:15.160952
1443226251843,1260,voice,9140345167821,1624,2024-01-01 06:57:45.932981
0195812862091,1228,video,2445573841489,127,2024-01-01 06:53:38.097073
3643129413747,1963,voice,2007275566034,1181,2024-01-01 06:42:47.855461
0834535900494,1242,voice,9530515396001,433,2024-01-01 06:45:55.172616
6532406573386,583,video,8490683187967,1022,2024-01-01 06:54:36.425058
7674912856151,1615,voice,8569208318654,176,2024-01-01 06:45:28.749212
7299037308636,624,video,1810863685820,921,2024-01-01 06:52:27.265119
1933810592650,584,voice,5088571506866,343,2024-01-01 06:50:57.187634
3190559837903,1936,video,2473983548280,739,2024-01-01 06:46:34.899454
0071653987255,414,voice,4276640124239,888,2024-01-01 06:42:42.898543
3180053844709,1162,voice,8685098616111,519,2024-01-01 06:42:49.285074
4945631051773,562,voice,7985830415555,32,2024-01-01 06:48:03.200242
1303310818157,984,voice,4716875967579,1465,2024-01-01 06:45:51.480693
5685512915198,1210,voice,0124122859900,1800,2024-01-01 06:51:27.353686
8676356127632,1832,video,0496382625972,504,2024-01-01 06:42:33.035738
0160521576313,1095,voice,5109934096659,1573,2024-01-01 06:56:14.748833
6395532899256,1451,video,3543570165814,1396,2024-01-01 06:42:10.336779
5202098026008,1343,voice,5821698173382,357,2024-01-01 06:45:55.406620
2595680239854,1640,video,3699370252734,495,2024-01-01 06:49:49.187739
0036170798823,808,video,7457748566246,1470,2024-01-01 06:47:37.268071
6504767746799,68,voice,1087662357491,632,2024-01-01 06:49:11.244824
1955755914337,65,voice,1700634815030,1519,2024-01-01 06:58:41.372331
0532683764849,1938,voice,3401965689657,324,2024-01-01 06:44:48.009582
5711964723689,876,voice,6709158841638,1087,2024-01-01 06:42:16.486447
7155031299198,1386,video,1704145615388,859,2024-01-01 06:47:43.450592
9675813467951,1248,video,6275046214671,1795,2024-01-01 06:46:48.765692
2622665198655,1258,video,6252840241261,967,2024-01-01 06:51:27.080789
5876875055744,809,voice,9648668539401,108,2024-01-01 06:57:59.541665
4653066014781,230,video,6585880393516,589,2024-01-01 06:58:05.371515
2187671343428,899,voice,4261820330900,1096,2024-01-01 06:44:19.280808
6762084410736,1696,video,0487828396774,1583,2024-01-01 06:55:40.454778
1313974907573,1218,video,9977141303220,1114,2024-01-01 06:46:21.574145
8214985054168,1975,voice,2131183588251,629,2024-01-01 06:46:19.005092
3068599256851,1055,video,6105304575695,136,2024-01-01 06:57:18.716495
2659628489000,125,voice,8187883236039,1118,2024-01-01 06:56:36.362285
7088252124621,907,video,8287919952716,51,2024-01-01 06:50:16.168036
0537247014017,1352,video,5265758656366,1351,2024-01-01 06:58:29.518371
1334099777232,1413,video,2921047943766,419,2024-01-01 06:54:31.118286
3449241681986,757,voice,1855949424455,353,2024-01-01 06:53:42.096691
5693535231478,1685,voice,5404918852639,209,2024-01-01 06:54:40.160758
7208676737771,1672,voice,0512660416327,1597,2024-01-01 06:50:48.466709
5887649304284,288,video,5766698052681,506,2024-01-01 06:54:23.501322
4039964895675,1297,voice,8226250210033,208,2024-01-01 06:42:11.524608
2106345263462,1161,voice,8777212797543,15,2024-01-01 06:45:48.809401
1749201506786,1536,voice,6108124649542,334,2024-01-01 06:42:00.811267
2481487342433,1851,voice,0540061720565,1611,2024-01-01 06:57:12.392945
9458142493130,1564,voice,1795733176602,650,2024-01-01 06:42:42.017383
4702701098728,1660,voice,1492859651665,1209,2024-01-01 06:52:42.591578
4075097905314,43,voice,6143517949951,683,2024-01-01 06:48:29.226358
8186773304132,540,voice,0092407096587,1546,2024-01-01 06:55:26.246508
8764141535855,698,voice,1803230721159,119,2024-01-01 06:50:53.938283
1020501491810,904,video,8001392292074,1287,2024-01-01 06:50:01.743406
9280176676783,303,voice,4830494882521,19,2024-01-01 06:54:20.115258
4850195348182,931,voice,8431717486592,539,2024-01-01 06:46:47.179222
4932795787819,195,video,4162664166630,261,2024-01-01 06:47:09.522349
7159926254934,1822,voice,7438996115303,1136,2024-01-01 06:44:49.627725
2449258447621,1759,video,7166909782550,312,2024-01-01 06:54:39.810089
2417115413555,1315,video,8466431434925,656,2024-01-01 06:51:45.515494
7969431923325,1294,video,7934369488991,1323,2024-01-01 06:51:30.357414
3550879656210,1358,video,9971903892626,454,2024-01-01 06:46:05.997719
2158152207849,1195,voice,3431465268521,674,2024-01-01 06:48:37.323221
7806267300569,587,voice,8581177547279,858,2024-01-01 06:48:40.725012
0811170790930,1066,voice,3721176396610,440,2024-01-01 06:54:50.165389
3200381848033,1588,voice,6340102260769,888,2024-01-01 06:53:59.437296
9396330949189,30,voice,1979157691621,1079,2024-01-01 06:52:58.608314
5954432524355,1396,video,6365306995319,408,2024-01-01 06:48:36.845743
1982614776591,136,video,1478944092869,865,2024-01-01 06:55:48.382370
7474713185439,681,video,7281189206007,900,2024-01-01 06:46:26.428510
0161467827207,628,video,6147041479808,948,2024-01-01 06:46:23.953189
5563131798958,854,voice,6359914649501,784,2024-01-01 06:56:06.333799
6027424208924,303,video,0509802338581,1482,2024-01-01 06:47:58.772309
3029053225801,800,video,4485241105403,1523,2024-01-01 06:50:07.493229
4896945751162,640,video,3672257507476,230,2024-01-01 06:53:31.831527
5624963506651,1418,voice,4039789676642,1604,2024-01-01 06:46:01.172880
2585239214295,1584,video,2621834376460,44,2024-01-01 06:45:45.529243
6116362572226,963,voice,5910672085037,1020,2024-01-01 06:51:10.732495
6762391034072,583,video,0518969363578,234,2024-01-01 06:43:24.199654
8422617887626,937,voice,4381051323117,1608,2024-01-01 06:46:34.531421
0862835660162,779,voice,1988605637225,1050,2024-01-01 06:45:59.401621
2544235047152,1624,voice,8441864795069,1724,2024-01-01 06:47:26.022578
0105572437618,1424,video,3780215294652,10,2024-01-01 06:48:55.284080
3938089455988,1501,voice,5151356170653,1368,2024-01-01 06:51:50.786437
0156699275418,1402,voice,8459632902488,84,2024-01-01 06:46:32.088099
1116053568712,133,voice,0667633648161,59,2024-01-01 06:55:08.325417
7483565015885,517,video,1589244257473,1403,2024-01-01 06:50:51.561842
0156024401188,720,voice,6256980431282,1243,2024-01-01 06:42:22.193150
3634856183936,1574,video,9224732452517,1452,2024-01-01 06:54:00.030363
7292316859849,910,video,0863035098480,78,2024-01-01 06:58:31.742308
9234751789279,38,video,3746151695020,1611,2024-01-01 06:48:34.388644
6533880502231,1320,voice,0457016906769,1669,2024-01-01 06:55:30.854728
9650455472198,1634,video,4209840579218,1752,2024-01-01 06:52:22.240883
0877866111215,1875,video,3592102010609,1749,2024-01-01 06:48:27.778479
2464468368204,1913,video,7199556974862,787,2024-01-01 06:47:33.811825
6294640863999,1595,video,6005614018504,1027,2024-01-01 06:53:39.941379
8787940446762,66,video,2547797079121,1303,2024-01-01 06:42:19.101843
2118617636508,1490,video,7594907721954,89,2024-01-01 06:53:58.909647
4805099163188,1850,video,9162497135741,1190,2024-01-01 06:49:00.584756
2384613667366,1590,video,3497729600559,930,2024-01-01 06:42:36.775551
4614581841354,1565,voice,8664656220127,1354,2024-01-01 06:57:15.250882
0191613544985,1128,video,3795316148044,1101,2024-01-01 06:46:43.534322
0963577794914,1761,voice,3458975371806,1537,2024-01-01 06:42:58.930318
7729947239137,1647,voice,4494308345442,1379,2024-01-01 06:54:08.384083
3632878665548,1139,voice,2257108048357,1418,2024-01-01 06:55:38.922345
1033265313611,1972,voice,5561665571908,971,2024-01-01 06:57:36.259161
6457964455817,805,voice,4817892639747,956,2024-01-01 06:48:58.964998
2651791634672,1930,voice,5806808004717,709,2024-01-01 06:45:25.348696
3344269933290,1587,voice,3265846876010,586,2024-01-01 06:52:33.831876
2531233491754,335,video,8088327912949,192,2024-01-01 06:43:21.543990
2773655884842,145,voice,0194445286832,138,2024-01-01 06:55:06.159739
1219468942938,39,voice,5744944581978,1299,2024-01-01 06:52:02.842443
3825995506795,1525,video,8240120371177,1626,2024-01-01 06:47:49.143097
1925358147839,141,video,1846316622248,440,2024-01-01 06:44:31.829276
4694893150950,733,video,2716009723687,770,2024-01-01 06:46:13.536494
6185820371163,846,video,3454731473730,1619,2024-01-01 06:44:37.909464
0730521345703,432,voice,9609449193449,249,2024-01-01 06:42:37.707759
9780046259663,594,voice,9590151503981,1050,2024-01-01 06:47:22.169171
8725005597663,1284,video,0274263982430,1187,2024-01-01 06:52:07.914703
5613816171026,1328,video,6063662117882,51,2024-01-01 06:47:39.775188
8140198642082,780,video,3313832483353,1529,2024-01-01 06:42:33.617139
9882823913699,36,voice,9583708481570,186,2024-01-01 06:46:16.131923
2349688557318,587,voice,0186634516046,1506,2024-01-01 06:46:40.344847
5145834462230,565,video,9193269874438,959,2024-01-01 06:58:36.800676
9823752375925,1095,video,9926554898523,1166,2024-01-01 06:47:27.713892
4883578961043,737,voice,6910906993558,1800,2024-01-01 06:53:23.727714
7112629875243,1866,video,7969796315566,1360,2024-01-01 06:43:29.379365
2227654875687,129,voice,5566097612846,609,2024-01-01 06:52:54.827001
2125528094415,1068,voice,2896740884930,1181,2024-01-01 06:57:25.772948
3288130878346,59,video,4925485367782,1047,2024-01-01 06:55:33.233847
6885481953364,636,voice,3585151576017,178,2024-01-01 06:45:00.884834
3605161971569,1970,video,7172801663291,1010,2024-01-01 06:51:57.859881
4451083445476,1865,video,3031577256776,982,2024-01-01 06:57:01.758894
1031374875905,1745,voice,4505855698444,310,2024-01-01 06:55:09.588786
4680266707010,1456,video,6968420431397,426,2024-01-01 06:43:34.442730
6890972861168,402,voice,6310610269518,199,2024-01-01 06:56:37.638746
6931487322578,31,video,7762478163350,1006,2024-01-01 06:57:56.935497
8715030365592,282,voice,6465881350333,450,2024-01-01 06:42:03.445704
4186152065426,1396,voice,9833936714597,409,2024-01-01 06:52:55.110872
1711481666972,589,voice,4454729545253,664,2024-01-01 06:52:14.631054
5520450880899,662,video,7397091943237,951,2024-01-01 06:56:44.174521
7094962420646,566,video,9496424362994,997,2024-01-01 06:49:14.565982
5021276220621,1750,video,6738454702702,1111,2024-01-01 06:54:25.991093
5006960863396,861,video,2622758665600,1786,2024-01-01 06:57:20.581930
1614963789924,1214,voice,5971752790541,1581,2024-01-01 06:54:29.004164
2909534532169,981,voice,2693017319149,310,2024-01-01 06:51:22.049908
8370544420176,1763,video,1973651476365,1320,2024-01-01 06:52:43.274225
1150793392322,1447,video,7513727571070,1678,2024-01-01 06:50:52.088044
9623785113250,1567,video,0998283463976,615,2024-01-01 06:45:28.153781
9201428402311,339,voice,8360120805644,1706,2024-01-01 06:44:43.752943
4651993645254,155,voice,5046758676056,165,2024-01-01 06:47:52.862132
7028789968971,1066,video,7962977643578,119,2024-01-01 06:47:39.993328
2648483552935,183,voice,0134049715933,1688,2024-01-01 06:53:26.831670
7436065733732,532,video,6514024556351,287,2024-01-01 06:45:06.541706
1589697691541,514,video,2575262911791,628,2024-01-01 06:53:49.056769
9617421343384,1872,voice,5463709873883,1610,2024-01-01 06:45:35.072672
3807846419369,309,video,4501893961522,1374,2024-01-01 06:58:16.854681
2975591079885,1567,video,2279316497046,1473,2024-01-01 06:57:22.571625
2477987231805,235,voice,4213625802167,1675,2024-01-01 06:43:35.529176
4111828094550,1801,voice,8021921763192,1467,2024-01-01 06:45:03.646736
3482243487146,1559,voice,9832444934606,1792,2024-01-01 06:43:12.168455
4768607735198,1008,video,1465596104769,1302,2024-01-01 06:48:18.859529
6145586560512,1811,voice,1858351982166,418,2024-01-01 06:45:49.663857
1772991103271,887,video,5372170895561,1426,2024-01-01 06:44:43.078137
7395020912356,1635,voice,6217174921108,1050,2024-01-01 06:56:43.448512
4405266561852,175,voice,0656626803302,1172,2024-01-01 06:42:06.027071
6989051480182,1595,voice,8139292079040,316,2024-01-01 06:47:39.110668
6112809439203,704,voice,8120133083302,458,2024-01-01 06:48:24.119161
1476463057452,1990,voice,0221268192279,903,2024-01-01 06:49:42.059783
3822637754064,449,voice,3286925335194,1775,2024-01-01 06:58:18.886999
6318572163775,1520,voice,9153046123714,951,2024-01-01 06:51:50.738676
3354731626093,753,voice,0754924620615,185,2024-01-01 06:58:35.000869
3627263082583,1105,video,2558543793808,274,2024-01-01 06:45:06.229479
1882596423645,968,voice,2482273807924,849,2024-01-01 06:45:56.259187
6780568159971,1662,video,1418944234247,678,2024-01-01 06:44:43.236119
1145298787593,1561,voice,3744540028032,435,2024-01-01 06:49:42.779270
6081629185169,99,video,6981837776293,923,2024-01-01 06:50:40.864118
9242959638644,1609,voice,2587441585207,512,2024-01-01 06:56:15.733026
9194575842173,322,voice,0982889236512,1298,2024-01-01 06:44:04.184680
2032742301344,1403,voice,0240846411271,676,2024-01-01 06:53:17.625108
2851545776446,159,video,4273782894423,1704,2024-01-01 06:56:52.265549
7768458095942,1882,video,6653126784764,409,2024-01-01 06:51:06.167907
1829213387822,235,voice,4122735251315,603,2024-01-01 06:51:53.629019
4748642912447,1808,video,8696432586427,1275,2024-01-01 06:50:49.761456
5117312340762,740,video,7412313836096,61,2024-01-01 06:50:57.690917
5234484351720,1912,video,8514938826043,1111,2024-01-01 06:53:59.870783
3400195285177,884,voice,3209401498518,796,2024-01-01 06:45:49.194792
6001094712069,509,video,1475262164054,546,2024-01-01 06:50:59.843620
2314283504184,154,video,5010991145665,413,2024-01-01 06:42:16.794559
2796468549400,1130,voice,9142069287249,887,2024-01-01 06:49:58.609977
2642935095464,294,video,2488547918050,624,2024-01-01 06:49:19.905529
7315817265105,1506,video,9503883816839,1117,2024-01-01 06:54:40.257524
3081445613133,1380,video,6335570018976,1721,2024-01-01 06:53:11.191638
7026679888979,895,voice,7099046229702,1644,2024-01-01 06:49:38.144845
6063273117309,1882,voice,6774617019875,868,2024-01-01 06:45:46.441155
2872131528443,537,voice,0543285792857,1782,2024-01-01 06:52:50.508931
6767581466569,1880,video,4113041001169,199,2024-01-01 06:43:51.886151
6169088646572,904,video,1539455110155,322,2024-01-01 06:53:45.928585
7080867554363,259,video,6116835927386,862,2024-01-01 06:54:24.705733
5111241859555,1967,video,3734731332667,1788,2024-01-01 06:44:12.917585
7980114156715,651,voice,3603627083421,671,2024-01-01 06:54:31.437394
7236727507476,23,voice,1281923755960,1129,2024-01-01 06:42:13.208558
3715982725396,1118,video,5309719119709,1462,2024-01-01 06:55:29.410870
1041557384737,1999,video,8327016413806,697,2024-01-01 06:55:49.793962
9580336883047,1400,video,1467001497911,778,2024-01-01 06:50:30.519330
4690501802587,1390,voice,2300835126824,399,2024-01-01 06:49:04.723829
0544501185692,425,video,5946430746563,240,2024-01-01 06:44:43.548365
0713119780898,284,video,2335949074743,887,2024-01-01 06:47:49.762977
0271821104003,1691,voice,1132325062834,740,2024-01-01 06:46:52.477633
7594283016445,1091,video,3685771908754,647,2024-01-01 06:53:31.266200
0796187550029,845,video,0865215392885,803,2024-01-01 06:53:12.721079
4062330485676,1586,video,1896168761611,1220,2024-01-01 06:54:29.152610
0360050802677,891,video,1799865818921,549,2024-01-01 06:56:09.438450
7674450994568,811,voice,2210940120843,456,2024-01-01 06:58:27.053898
2517455046923,355,voice,2077263640982,656,2024-01-01 06:58:38.036119
3822849906206,1806,video,0493403335063,454,2024-01-01 06:46:12.896096
0211681090080,1945,video,0100155921590,294,2024-01-01 06:43:01.119576
0086322511255,1594,voice,3243328186251,638,2024-01-01 06:43:24.500327
8905427359047,436,video,9637535471177,1516,2024-01-01 06:49:24.615223
5427975722823,1808,voice,3255657204987,147,2024-01-01 06:57:44.556936
7058101550630,286,voice,5611671380302,973,2024-01-01 06:42:23.554435
6131918549751,748,video,0989575799786,1771,2024-01-01 06:47:31.416241
2775702735741,1764,video,6341582610045,472,2024-01-01 06:46:11.103791
8511805811025,655,voice,2666468137690,67,2024-01-01 06:46:48.911347
2282877764768,1004,voice,0720125700870,1531,2024-01-01 06:55:43.882778
7515003197032,1812,voice,2341896613497,1013,2024-01-01 06:48:07.015290
6316623411664,1443,video,0172574025368,1175,2024-01-01 06:47:20.371572
9206690791737,884,voice,2412687742561,227,2024-01-01 06:58:33.278082
1575865723050,742,voice,1696058578057,768,2024-01-01 06:48:23.781504
3264389227678,1069,voice,3197924606159,963,2024-01-01 06:54:39.754035
0854092693007,613,voice,0146023320995,1310,2024-01-01 06:54:53.818921
0398258045065,1383,voice,1325892642966,795,2024-01-01 06:58:00.043343
4262798147090,463,video,9290629537477,24,2024-01-01 06:55:45.947823
1709280638890,201,video,2838297405931,762,2024-01-01 06:43:11.598383
9733402582762,954,voice,9952127297110,1518,2024-01-01 06:51:28.167690
4314466088101,918,video,6896263387841,580,2024-01-01 06:55:12.917862
1690845884995,1322,video,0486173129204,530,2024-01-01 06:47:23.608738
3493084711084,974,voice,5332563935704,1110,2024-01-01 06:48:15.949535
6980860110150,1543,voice,4206144061434,805,2024-01-01 06:57:02.315245
4113051323353,1438,voice,5175754367165,1313,2024-01-01 06:50:09.637957
6254987606284,33,video,2945533648870,289,2024-01-01 06:58:24.000772
2997302012894,537,video,7420136692709,1664,2024-01-01 06:52:30.658487
0844624787149,876,voice,9365461227677,1652,2024-01-01 06:45:02.685448
5646670446713,1516,video,8771707042142,1236,2024-01-01 06:54:28.939092
2421944358759,460,voice,8716403853520,599,2024-01-01 06:42:54.549999
8162956166870,1390,video,3136132026822,792,2024-01-01 06:43:29.021456
8036599375202,1220,video,8818475529404,251,2024-01-01 06:51:15.229643
4024212738702,1031,voice,4241149766423,13,2024-01-01 06:51:46.152288
8770013200677,1391,video,7814082282391,1600,2024-01-01 06:52:25.862845
1089763874227,1000,video,0821721574435,1073,2024-01-01 06:44:34.268803
5514431759729,1343,voice,6396327434253,289,2024-01-01 06:51:36.724557
9443574858121,864,video,9789732765451,1498,2024-01-01 06:47:16.365463
7191825173586,1974,video,7336990380613,83,2024-01-01 06:45:05.778410
0121869869914,1565,voice,2385999413884,485,2024-01-01 06:46:41.478342
1156811495758,1663,video,7638702395253,1139,2024-01-01 06:45:54.605660
2812747539144,798,voice,8639104116435,1062,2024-01-01 06:46:16.784242
2370627758075,1281,video,6166905843608,674,2024-01-01 06:52:12.296638
0567958937958,59,voice,5193311485044,528,2024-01-01 06:44:20.180537
2658429547301,31,video,5423136935672,1537,2024-01-01 06:54:45.107177
3810539798744,1542,voice,0132241221485,465,2024-01-01 06:56:09.887301
5907707228863,1381,voice,7144775814307,1231,2024-01-01 06:53:07.361381
5409681953614,1505,video,1411482960806,1486,2024-01-01 06:57:04.757990
1112710056908,11,video,0348880522249,331,2024-01-01 06:46:11.496188
6803088060262,279,video,2842705802342,637,2024-01-01 06:58:33.684209
6305873863992,1235,video,2747248543591,849,2024-01-01 06:50:12.981227
5663137697732,512,video,9524413867641,452,2024-01-01 06:43:55.884220
0065172060626,1138,voice,0328333338202,154,2024-01-01 06:42:59.298452
0420345401325,612,video,1040771161168,1754,2024-01-01 06:52:54.287215
1588972987465,299,video,2632652609470,1155,2024-01-01 06:57:47.656103
1296279100871,1456,voice,0517493282410,1263,2024-01-01 06:47:24.304773
9806903416349,326,voice,7305448125405,1504,2024-01-01 06:58:20.702419
0750281846653,1155,video,9536833483904,1277,2024-01-01 06:44:54.356202
4046890700345,369,video,2523657330934,152,2024-01-01 06:43:00.623616
9455461011145,569,voice,3930950911873,574,2024-01-01 06:47:35.748337
0985569426099,1637,voice,7165304534565,224,2024-01-01 06:53:05.102938
3149218629354,728,video,9014440564705,956,2024-01-01 06:42:10.142229
4868274997814,1890,video,5020836302241,865,2024-01-01 06:58:44.468610
1916916581103,69,voice,3771005039130,1001,2024-01-01 06:50:52.040902
5041545979486,1425,voice,4267012203369,360,2024-01-01 06:51:33.444289
7770648239677,1264,video,6703903472009,1547,2024-01-01 06:45:45.714026
5438057403158,1244,voice,9719278633063,1206,2024-01-01 06:46:50.834041
5975989740452,919,video,1728517994247,1587,2024-01-01 06:51:02.242057
3918415008443,1043,voice,3071032488425,1120,2024-01-01 06:49:59.807965
4030706514968,1583,video,6716890271784,1482,2024-01-01 06:47:35.208156
8688239522648,1309,video,0873430421398,676,2024-01-01 06:55:24.626361
9191217465524,33,video,0507796826203,642,2024-01-01 06:52:15.190566
9118637321474,1097,video,1266927879857,555,2024-01-01 06:53:00.760086
9834921621354,370,video,1515702913192,670,2024-01-01 06:54:53.164147
6669962193193,19,voice,1214875130245,333,2024-01-01 06:50:27.135760
1017548609713,2,voice,7073584688529,275,2024-01-01 06:54:52.389528
7525352594655,1261,voice,1281923755960,768,2024-01-01 06:52:58.138846
3449404919086,358,video,9143817819992,1512,2024-01-01 06:56:05.226762
6097467324048,1753,voice,4202027545865,1205,2024-01-01 06:43:59.085623
5582213737123,1625,voice,3557374305172,1749,2024-01-01 06:53:46.391313
8432147498663,592,video,1155285135396,207,2024-01-01 06:52:24.372541
7960041909422,1859,voice,4530100804368,1397,2024-01-01 06:47:55.745957
2257569657555,911,voice,6139978850118,224,2024-01-01 06:58:43.141476
0221300550007,1803,voice,4000277910644,1418,2024-01-01 06:53:08.324483
2534639454600,1535,video,3996773490505,1672,2024-01-01 06:43:15.349956
7015981693964,1848,voice,8056960716903,683,2024-01-01 06:43:48.217853
0219032532755,343,voice,3044689894110,665,2024-01-01 06:46:25.852346
8952474709534,1620,video,6261871255348,1690,2024-01-01 06:48:33.824781
0472615333160,748,video,6529398151172,1479,2024-01-01 06:42:31.526780
4605485953499,1317,video,8290106830138,763,2024-01-01 06:46:43.202131
0199989132979,128,video,4086135326562,383,2024-01-01 06:56:25.592404
1525243290835,1489,voice,8122807991729,934,2024-01-01 06:51:21.675931
3524310533930,931,voice,0221880081257,1584,2024-01-01 06:46:16.298069
9705583782968,1267,voice,4912615290943,1274,2024-01-01 06:57:37.170150
5083995964158,150,video,0341938531544,1143,2024-01-01 06:45:10.349815
2030803456000,1231,voice,8904259395132,1244,2024-01-01 06:46:23.771945
7894964467852,1157,video,6115343365561,931,2024-01-01 06:43:58.199994
0905692887074,1317,video,8883487160483,220,2024-01-01 06:47:20.659038
7460918173285,40,video,5381444363165,92,2024-01-01 06:44:29.598094
0362730847613,734,video,8955727951691,1471,2024-01-01 06:57:30.082607
3358397752704,193,voice,8567656414056,1292,2024-01-01 06:42:36.108489
5261970588462,92,video,7720781084532,1237,2024-01-01 06:56:13.801829
6671645864930,869,voice,3368723242752,1778,2024-01-01 06:57:28.656535
7140547720908,631,video,2830569530358,1140,2024-01-01 06:47:29.832931
3154563539254,1982,video,1595203791000,419,2024-01-01 06:49:01.957195
3838886054627,827,video,2263474748134,1769,2024-01-01 06:55:14.791497
2101014619112,1268,voice,4484650157817,868,2024-01-01 06:56:02.235885
5771330456967,1912,video,2457785333805,1431,2024-01-01 06:42:24.080450
9861897858335,1327,voice,2652024580073,1436,2024-01-01 06:50:42.821126
3731229706363,252,voice,0425849053719,1406,2024-01-01 06:47:34.618443
5673992565999,431,voice,1697951094787,1574,2024-01-01 06:55:02.322249
6059012585509,1411,voice,7297455098096,695,2024-01-01 06:53:32.801908
7885743534337,624,voice,7155924510212,1118,2024-01-01 06:54:45.497034
6298028222298,857,voice,6436591144771,525,2024-01-01 06:58:09.168512
9472667720660,1811,voice,3479423368858,52,2024-01-01 06:56:42.759250
0260193646916,1555,video,0609728958295,1113,2024-01-01 06:44:58.536000
7235664768785,416,voice,7492408667060,792,2024-01-01 06:46:40.374138
4526676315157,744,video,8048423785208,297,2024-01-01 06:55:47.438132
3566776830210,1150,video,3923133928200,284,2024-01-01 06:50:21.073558
3489181641360,648,voice,1147555018845,658,2024-01-01 06:54:44.403381
6430432754387,1237,video,2105354216371,481,2024-01-01 06:55:25.879771
1191194074801,879,video,0606019726999,1495,2024-01-01 06:46:01.810471
5800286862164,222,voice,4546099791999,481,2024-01-01 06:47:39.163732
2794290991735,1231,video,7352364921456,1385,2024-01-01 06:44:56.072480
3321777414066,739,voice,0749740522337,661,2024-01-01 06:55:22.737940
2788859644246,1320,voice,8024130320307,813,2024-01-01 06:51:50.692242
4081460320359,1291,video,4035833257267,1553,2024-01-01 06:47:51.691356
9613567834915,1863,video,3363135727166,1419,2024-01-01 06:58:32.796177
2120072566181,683,video,3549187616588,617,2024-01-01 06:49:52.893611
3953429929319,430,video,0365753775586,1772,2024-01-01 06:52:49.455112
6573408295532,633,voice,5249786603971,740,2024-01-01 06:50:58.489760
0059127358937,205,video,3125080317557,1692,2024-01-01 06:54:50.315252
0479684992905,631,voice,5793334138369,1088,2024-01-01 06:44:13.323927
4120890905901,1572,voice,2970891015050,1528,2024-01-01 06:51:18.480457
4473149333193,601,voice,3535429648156,1009,2024-01-01 06:53:21.982114
3134008054962,930,video,7078300585630,207,2024-01-01 06:47:00.792276
7087892110277,399,voice,9416063434756,1636,2024-01-01 06:53:51.938976
7356995464751,538,video,2555687413100,910,2024-01-01 06:45:26.397205
5453972023999,812,voice,4399458475816,1740,2024-01-01 06:42:51.423367
3626191445674,1877,voice,2980375187167,347,2024-01-01 06:56:18.484056
8208801113674,1439,voice,0637697418454,970,2024-01-01 06:42:13.438596
8965859900845,1308,video,9153945706443,863,2024-01-01 06:42:30.458307
1217617374649,1119,voice,1376441147060,1711,2024-01-01 06:43:20.804198
3389021623577,1658,voice,1856335375360,473,2024-01-01 06:57:09.858388
5287391377906,932,voice,3017650338539,554,2024-01-01 06:54:16.198489
6374413917213,508,voice,3152388075408,1662,2024-01-01 06:46:08.800492
5602230294930,1455,video,0498325344191,777,2024-01-01 06:57:35.450571
5691202975208,1972,video,5241975845911,1309,2024-01-01 06:48:20.839916
5291995224621,657,video,4663671729306,721,2024-01-01 06:48:59.648595
1539596541138,674,voice,7178782099748,1435,2024-01-01 06:53:08.803532
9874119117474,1753,video,2534745950681,843,2024-01-01 06:43:06.952238
9898055589988,77,voice,9895719166943,1055,2024-01-01 06:49:37.232313
0661190275714,1568,video,0216598323647,1725,2024-01-01 06:55:02.877812
9890944928486,1744,video,9711635275522,1429,2024-01-01 06:42:50.875281
5767766191399,1256,voice,6769639643998,858,2024-01-01 06:49:05.256396
1781593821933,1277,video,1450278640697,1316,2024-01-01 06:46:45.704393
8613273536193,1999,voice,6786450075969,98,2024-01-01 06:55:19.418902
3516035399265,1125,voice,4082783144986,1684,2024-01-01 06:53:33.483556
6051376879388,731,video,4541734976459,1347,2024-01-01 06:44:48.078091
3310052064154,640,voice,3148766701312,65,2024-01-01 06:57:11.090118
8214353979460,1312,video,8548949180915,1710,2024-01-01 06:49:24.434603
0227309763912,1806,video,9444092358253,127,2024-01-01 06:53:45.774394
2538702980979,1894,voice,9417071501173,1343,2024-01-01 06:42:34.495491
3415895229781,1206,voice,6415632510497,864,2024-01-01 06:43:17.125711
3844419711885,126,video,4525322547092,1189,2024-01-01 06:49:20.107010
4122340952765,1354,video,8085198474650,217,2024-01-01 06:50:51.099901
7051292846593,1198,video,5644150924851,1225,2024-01-01 06:55:26.228624
3719910098968,33,voice,2841957209713,986,2024-01-01 06:55:28.034596
8878691850842,1994,voice,4157394266252,1081,2024-01-01 06:42:02.895818
9073851787365,792,video,4182637394385,804,2024-01-01 06:51:14.776221
5584494054736,956,voice,9120074291957,1578,2024-01-01 06:45:27.044198
1154527758318,35,voice,9369594584368,360,2024-01-01 06:45:49.102004
9484606427780,809,video,6137082804644,349,2024-01-01 06:57:24.533918
2761154911571,201,video,4300549861316,500,2024-01-01 06:43:19.109811
7679972905645,1143,video,8518520249434,517,2024-01-01 06:53:34.351633
5930820431909,1019,voice,1384815845070,15,2024-01-01 06:43:22.872053
4849804475900,1047,voice,1670485778673,764,2024-01-01 06:47:09.578041
0223739902592,904,video,8316683429922,1388,2024-01-01 06:50:05.441351
4550177796127,51,voice,9791528736758,767,2024-01-01 06:51:53.239743
1539758495029,649,video,5248756246402,239,2024-01-01 06:56:00.586317
6977368500614,1840,video,2144328179764,750,2024-01-01 06:43:34.134980
0273352682094,1644,video,0081078771347,164,2024-01-01 06:57:09.276014
4999645999698,558,video,1641245044418,5,2024-01-01 06:56:50.187055
7483489603956,1234,voice,7219355683181,805,2024-01-01 06:43:09.185601
6428081174661,160,video,0876878071829,310,2024-01-01 06:53:22.569864
2210377643691,1764,voice,9770686231882,675,2024-01-01 06:46:06.587103
9453449040313,1686,video,4462751140463,1726,2024-01-01 06:54:50.276041
4685136949089,1440,video,4125988598221,1495,2024-01-01 06:51:43.543077
8547391964276,1853,voice,0735315952380,528,2024-01-01 06:54:28.815490
6760471407562,1683,voice,3218184546119,1111,2024-01-01 06:52:04.421692
0781509387863,894,voice,4894480001841,38,2024-01-01 06:42:05.499753
3760003644745,1496,video,6458231302609,1592,2024-01-01 06:42:59.137202
8780946324143,1555,voice,4879617159654,217,2024-01-01 06:58:05.354525
3479230845361,860,video,9986163832832,1327,2024-01-01 06:57:45.243805
7488377332882,867,video,6933980374078,405,2024-01-01 06:57:29.507090
5475675951223,1975,video,3122379563829,1767,2024-01-01 06:58:17.320763
0105572437618,1477,voice,2020082638641,794,2024-01-01 06:46:50.246073
4479332413916,610,voice,1623621121778,1180,2024-01-01 06:57:43.003716
5163314690144,631,video,5351773477776,828,2024-01-01 06:58:16.367578
0062927559134,909,video,4096358609816,9,2024-01-01 06:47:21.942087
4678074260668,1382,voice,9174221979986,1257,2024-01-01 06:46:00.511276
8249484789056,415,voice,2304253619618,7,2024-01-01 06:48:57.785880
6349241036513,745,video,7502962219640,1043,2024-01-01 06:53:25.174324
2583860453149,1879,video,1160625105010,345,2024-01-01 06:58:29.686760
3500665795785,8,video,0734449408480,825,2024-01-01 06:55:47.887869
7963632778842,1774,video,6657258084730,651,2024-01-01 06:53:20.927933
3369846289163,1431,video,0907861736982,383,2024-01-01 06:55:07.127783
2359235447358,1321,voice,1490515055643,1749,2024-01-01 06:51:27.387410
4013549072182,860,voice,3427820802957,699,2024-01-01 06:44:40.105286
2996034315896,159,video,4610572082291,845,2024-01-01 06:54:35.507370
9081756204347,1146,video,4822268151842,927,2024-01-01 06:49:15.443972
5052577811598,1551,voice,4770098131145,384,2024-01-01 06:42:20.453396
1405691886055,813,video,6621620497924,307,2024-01-01 06:49:06.214504
6253147755162,1829,video,4399481728128,1202,2024-01-01 06:44:08.521214
5455469017724,1656,voice,7100599630732,1789,2024-01-01 06:53:16.236419
4494805425183,1529,video,1656048196860,852,2024-01-01 06:48:03.121174
9800187677663,1587,video,8241383404377,199,2024-01-01 06:43:16.694212
3779820903657,79,voice,7527176450905,1513,2024-01-01 06:42:53.998572
3235241220415,524,voice,9414292618009,1222,2024-01-01 06:45:03.432482
3725304517934,34,video,7278748147648,389,2024-01-01 06:42:33.414163
8148172746733,702,voice,2157097924384,544,2024-01-01 06:48:27.998176
8421179804667,110,voice,4498026269759,246,2024-01-01 06:55:04.511329
1815128199411,1448,voice,7942895917782,1209,2024-01-01 06:47:19.285673
2350043454924,1105,voice,0318709258170,1214,2024-01-01 06:56:20.468491
4217588324473,1066,voice,7170044838980,253,2024-01-01 06:54:46.743884
3614085221460,862,voice,8108087393026,1010,2024-01-01 06:44:38.075675
2661670153889,1846,video,8090814990777,1794,2024-01-01 06:45:27.063188
6053196140146,1070,voice,7178587994467,656,2024-01-01 06:55:17.165650
0877200223570,897,video,9467500655093,1042,2024-01-01 06:46:25.349524
1941178176919,881,video,7764767226377,1594,2024-01-01 06:46:25.999214
8180168385637,1035,video,2622199552324,632,2024-01-01 06:53:14.827159
5875548314047,1920,video,6267104960795,364,2024-01-01 06:43:08.989738
2109441389324,457,voice,2673363663246,250,2024-01-01 06:55:54.763318
7785233295633,1182,voice,8798101896039,935,2024-01-01 06:57:33.924456
4210617785213,1739,voice,1897469703988,1793,2024-01-01 06:56:41.860428
0242822375693,1663,video,9387449448059,25,2024-01-01 06:57:25.650336
0359524988064,1140,video,0049976870969,203,2024-01-01 06:51:21.513122
6688850246515,1835,voice,0922031404929,343,2024-01-01 06:51:01.498506
5352324224681,251,voice,7980455129141,1630,2024-01-01 06:48:20.031000
6431835213141,418,video,6910616426384,871,2024-01-01 06:51:15.216013
1522328420725,1481,video,5380267802639,269,2024-01-01 06:48:04.963497
1048483218923,1425,video,2898088397780,124,2024-01-01 06:52:35.050840
4166973538207,301,voice,1830881999284,133,2024-01-01 06:43:51.440404
9195756743725,184,video,6457911017040,147,2024-01-01 06:47:39.508971
4421286089336,1967,video,5630989527662,1395,2024-01-01 06:53:08.613532
9363671580758,101,video,7321345195068,1071,2024-01-01 06:52:14.612735
0469682998774,834,voice,5769328034308,216,2024-01-01 06:56:51.647949
1759954175776,988,video,0652501667296,598,2024-01-01 06:45:40.277202
6454115971426,189,video,4493337967560,1725,2024-01-01 06:57:06.500781
3840131032129,1659,video,4042511244865,949,2024-01-01 06:42:14.173174
0127454196080,1042,voice,4352438304758,1375,2024-01-01 06:49:27.810322
2055639965156,706,voice,4241357177808,1259,2024-01-01 06:53:24.633823
7145882431091,1323,voice,1891857169224,1518,2024-01-01 06:49:04.784969
8555339750541,1771,video,5242782783990,19,2024-01-01 06:49:59.000091
1922243887913,901,video,9044637668121,292,2024-01-01 06:44:15.987565
9664599721388,515,video,0033206660578,1780,2024-01-01 06:57:04.427794
9623657102063,119,voice,7574658640418,150,2024-01-01 06:48:32.781294
8512744978233,1075,voice,1671110260198,888,2024-01-01 06:47:25.814558
8495705857017,1122,voice,8461918822102,198,2024-01-01 06:42:23.537591
8031506716696,1238,voice,8087512463069,245,2024-01-01 06:49:54.190229
8674140977604,524,video,8816615878539,252,2024-01-01 06:48:09.935855
8500976666095,1749,video,7533631510526,1106,2024-01-01 06:43:44.713022
6612338963508,1672,voice,7571534940928,916,2024-01-01 06:51:01.514450
7821708271297,1850,video,9006718217916,286,2024-01-01 06:57:51.626618
1656202407999,1477,video,5872551087533,37,2024-01-01 06:53:35.294184
4484391528391,1588,video,1195008637811,1760,2024-01-01 06:52:14.916386
9703583717731,1350,voice,9833536906741,380,2024-01-01 06:42:46.999976
0714225391581,1207,video,8368628524057,101,2024-01-01 06:50:09.302557
2045564794990,1762,voice,8169921629712,1615,2024-01-01 06:47:03.447960
8603265762600,1633,video,2784312475325,1031,2024-01-01 06:55:53.595672
8850026606605,941,video,8232113956865,749,2024-01-01 06:56:59.767012
8817296039294,986,voice,5113556716440,290,2024-01-01 06:52:45.000181
6943903193701,1160,voice,7063776897157,1192,2024-01-01 06:55:52.310211
6030408906248,200,voice,2818385637150,318,2024-01-01 06:49:56.497584
8018409635079,733,voice,6311039499463,1710,2024-01-01 06:53:15.229569
8016146967181,492,video,1801732232014,429,2024-01-01 06:54:48.978362
7294147519158,494,voice,2160398462662,486,2024-01-01 06:54:10.426980
4504053203484,1272,voice,1397599410481,1722,2024-01-01 06:50:37.844750
6364546375815,1423,voice,5099175269031,1162,2024-01-01 06:49:12.112621
9594015905710,995,video,3512371936849,36,2024-01-01 06:55:38.906418
3098243911626,943,voice,0610853919896,1303,2024-01-01 06:46:46.934627
9719414206027,1043,voice,8866790737959,1602,2024-01-01 06:46:23.892074
4948435631795,1869,video,0619707410697,348,2024-01-01 06:49:05.242265
8905484041097,436,voice,3515351540224,1666,2024-01-01 06:54:39.504787
4834075524103,806,voice,1173877773266,1688,2024-01-01 06:46:29.930463
0730875257374,51,video,9699765483839,1235,2024-01-01 06:56:26.535431
5892290277457,1846,voice,6672413345636,1658,2024-01-01 06:49:22.442768
1861291516917,1750,voice,9162497135741,521,2024-01-01 06:50:54.461922
0191525818193,546,voice,8944864762521,1090,2024-01-01 06:55:17.448732
3380453615674,400,voice,5841174857511,1710,2024-01-01 06:52:42.634203
7244084354553,526,video,8578959108686,1419,2024-01-01 06:54:54.134035
6481251521317,199,voice,1480537675016,136,2024-01-01 06:50:54.478941
2094320702101,1179,voice,5133305219516,1589,2024-01-01 06:43:07.410240
9077854119993,957,voice,7438731069000,956,2024-01-01 06:46:33.072893
4989363441591,916,voice,1788822495727,1034,2024-01-01 06:55:37.468248
1866677025126,325,voice,9996882936142,1369,2024-01-01 06:51:42.985917
1648654093862,1168,voice,3026775862680,1760,2024-01-01 06:57:07.750856
5709628699748,531,video,4646030058709,245,2024-01-01 06:42:22.949470
6437114800354,247,voice,9331504117993,984,2024-01-01 06:55:05.972927
0803338292482,1895,video,9227521067507,1118,2024-01-01 06:44:42.278018
6020562860632,964,video,8656721948551,557,2024-01-01 06:53:38.947947
2552353531646,29,video,3436029253324,1602,2024-01-01 06:52:57.583892
4709471879810,501,video,2081956534396,1253,2024-01-01 06:50:31.304571
9166717149623,1177,video,4145700482488,502,2024-01-01 06:49:18.661342
4436651938888,340,voice,2230684197254,1790,2024-01-01 06:46:40.788719
0349300846376,893,voice,1869271035098,713,2024-01-01 06:57:18.479392
8602671394822,649,voice,1601353078136,1252,2024-01-01 06:53:44.502192
6211952660631,1159,voice,1996134277138,332,2024-01-01 06:42:03.523506
9055708228264,872,voice,6749248268096,107,2024-01-01 06:48:50.496423
8721663791270,1605,voice,7216812493771,1316,2024-01-01 06:48:04.238014
1802479775768,668,voice,8482548156368,924,2024-01-01 06:46:18.351690
5691963355798,1411,voice,4443110447877,717,2024-01-01 06:46:46.336645
2912593327529,130,video,0299915594671,1092,2024-01-01 06:42:03.863631
3809938969916,1392,voice,2943422744431,979,2024-01-01 06:45:43.685240
7750561492048,276,voice,4632702054745,1146,2024-01-01 06:46:22.414452
2198809571715,843,voice,3567409572060,639,2024-01-01 06:45:02.043313
0862012027184,1119,video,5840317125273,1279,2024-01-01 06:48:48.643708
5137418649352,1564,voice,5001942624527,1372,2024-01-01 06:49:46.661924
8949916488960,1594,voice,3054748870999,1382,2024-01-01 06:54:28.204261
6692099388884,456,video,3569783735416,1403,2024-01-01 06:48:46.671678
9233320918214,1115,voice,9868714237150,743,2024-01-01 06:53:28.598538
4005396995098,319,voice,9214267524102,173,2024-01-01 06:51:27.729240
7103772611799,1062,video,9444219794447,802,2024-01-01 06:49:16.806898
6682317537224,1115,video,7654246828083,1781,2024-01-01 06:54:18.360815
0911485765732,874,voice,2423726212325,962,2024-01-01 06:45:21.763994
3587949693563,512,voice,6794624126615,301,2024-01-01 06:57:01.378482
4489996790609,267,voice,6919240511479,1517,2024-01-01 06:45:55.699630
8406368497450,1444,video,8147483401428,522,2024-01-01 06:45:14.893197
7327844108298,7,video,9688279316156,1031,2024-01-01 06:53:39.165557
0703358329619,700,voice,9754460206518,517,2024-01-01 06:46:44.069259
1868161462713,163,video,6101445191911,1488,2024-01-01 06:50:23.128451
2166702989238,742,voice,9215139674735,320,2024-01-01 06:45:19.880754
8365034558558,1703,voice,9315437803135,1654,2024-01-01 06:50:26.385845
6835135031350,1024,voice,6797441587857,328,2024-01-01 06:53:47.305314
6794245161302,1211,voice,2038890004810,268,2024-01-01 06:46:25.057448
0362360228161,196,voice,7049956065145,1181,2024-01-01 06:56:01.116524
0863840400257,903,video,7774006027395,1197,2024-01-01 06:46:15.035544
2061274740603,1436,video,1687968696665,425,2024-01-01 06:53:29.015080
1647672996826,1798,video,1353657748762,939,2024-01-01 06:45:51.992013
1512947231545,741,voice,1236052615435,32,2024-01-01 06:48:26.319192
0019457190447,1500,voice,3490724684533,168,2024-01-01 06:57:43.278916
2029863301075,1190,voice,0939381521138,1437,2024-01-01 06:56:48.059724
4082447438343,797,video,2667609873233,1595,2024-01-01 06:44:27.949185
0794097737575,419,video,8536232024321,332,2024-01-01 06:45:33.961513
5217090638752,1067,voice,2263749726735,1166,2024-01-01 06:53:55.199481
8943982269096,1359,voice,5623825770325,20,2024-01-01 06:46:57.117631
5701340135844,126,voice,2304360291053,124,2024-01-01 06:43:29.241589
9901205662695,1386,voice,1552111585590,351,2024-01-01 06:55:29.699069
4924852539494,1633,voice,7215156228406,308,2024-01-01 06:44:51.786942
3826351860518,603,video,6351819611653,994,2024-01-01 06:44:28.635410
0742688096166,496,voice,8846459085253,1580,2024-01-01 06:55:41.385818
8602946547258,162,video,9983802213716,1736,2024-01-01 06:44:10.814631
3756718357004,1725,voice,5955520902590,695,2024-01-01 06:57:37.439182
2627393976527,455,video,8240671391079,1345,2024-01-01 06:46:18.949993
7192008913588,1728,voice,4500543465683,1212,2024-01-01 06:44:01.818746
2416327512187,486,voice,1844089459057,1711,2024-01-01 06:47:06.228862
2536806119130,1029,voice,4213436891359,1162,2024-01-01 06:48:20.258156
4653975268265,1877,video,7470622848858,1365,2024-01-01 06:54:18.500321
9957959428908,1805,voice,6511061270765,748,2024-01-01 06:48:37.167240
5159640695887,857,video,7282898922685,221,2024-01-01 06:56:41.945411
1346174953723,1252,video,9935021660226,740,2024-01-01 06:43:42.724064
1894312134303,1857,video,8422551532089,1428,2024-01-01 06:52:28.235113
8798084708651,885,voice,6883934734480,800,2024-01-01 06:45:53.193403
5063161801792,880,video,6117428918002,246,2024-01-01 06:54:37.614391
0852944375727,118,voice,7028968920610,1381,2024-01-01 06:49:19.872050
8312943875006,650,video,1934666311993,1380,2024-01-01 06:54:12.011807
5216253091831,457,video,7702238108296,205,2024-01-01 06:49:56.553769
0392273667463,1805,video,9310607677177,1705,2024-01-01 06:56:11.678385
7452300234200,792,video,7710079314516,19,2024-01-01 06:46:18.421664
2049464212514,809,video,3714671409306,926,2024-01-01 06:46:19.928708
6502168368705,1794,voice,7042852282545,1205,2024-01-01 06:49:06.996267
1344293672951,868,voice,7278748147648,1243,2024-01-01 06:49:48.337159
3203317059353,69,voice,9553675224554,450,2024-01-01 06:44:49.659479
2182295716279,759,voice,4117301829450,1708,2024-01-01 06:42:13.833898
4174899512836,1234,voice,3202779081045,668,2024-01-01 06:42:49.827394
8238753194498,272,video,0762116865181,858,2024-01-01 06:42:36.318542
3443109288171,49,video,8501835487211,453,2024-01-01 06:55:41.008455
3629113424658,624,voice,2620925821270,1543,2024-01-01 06:51:55.200984
1903126062439,1152,video,2472840952784,302,2024-01-01 06:55:10.021696
5517473429130,1065,voice,5898104891948,1017,2024-01-01 06:48:01.883024
0018489323828,962,voice,2673891809240,1786,2024-01-01 06:47:18.646488
8936189486896,1310,video,2325669240776,1324,2024-01-01 06:55:42.049407
2566807406934,1752,voice,7314688244316,579,2024-01-01 06:57:49.895754
6562709488888,1362,video,1732405868746,1473,2024-01-01 06:58:18.396977
9417131883116,1826,video,3189543108514,1673,2024-01-01 06:44:07.120075
8771432600799,1172,video,0867325958459,153,2024-01-01 06:44:34.675250
0349359704332,762,video,4659224720416,1028,2024-01-01 06:48:50.293065
1527253781103,1276,voice,7402216007106,1594,2024-01-01 06:42:06.347677
4198015195847,1411,voice,3889116226360,324,2024-01-01 06:44:43.892975
1569828816177,649,voice,9425850869218,597,2024-01-01 06:48:48.415262
4235762052805,336,voice,1095671774956,1285,2024-01-01 06:55:31.518573
5874933083270,1710,video,3191638578259,843,2024-01-01 06:57:18.714811
8400652979311,1624,voice,3356887357120,352,2024-01-01 06:44:35.234118
5363903113788,1175,voice,4358593576781,876,2024-01-01 06:42:08.602030
2930290160158,1928,video,7109203383374,416,2024-01-01 06:44:19.601170
3155920360383,329,voice,7477381288406,1698,2024-01-01 06:50:35.497841
9602289399152,74,voice,6978890897088,1409,2024-01-01 06:46:20.868089
8253993279795,1545,video,2411212221608,701,2024-01-01 06:54:56.477257
8887112231445,153,video,3602846721508,1676,2024-01-01 06:54:54.333679
8075393185498,1843,voice,3594777220935,957,2024-01-01 06:53:15.156931
2481034254251,708,video,2616697014339,1201,2024-01-01 06:48:56.096519
7849624649202,862,video,6895242083887,1769,2024-01-01 06:53:29.148917
9220839695107,1013,video,4461993618337,742,2024-01-01 06:44:12.320587
1723382613438,1874,voice,9820831484511,1515,2024-01-01 06:51:50.713207
8130535598060,1279,video,9456634679471,505,2024-01-01 06:46:06.004794
8351366364639,583,video,9379012507609,79,2024-01-01 06:44:59.253765
9908292809529,595,video,0277829319035,1256,2024-01-01 06:43:45.168696
1980553160609,1004,video,1767026723711,175,2024-01-01 06:56:48.089692
2300206182709,1622,voice,3522711886759,589,2024-01-01 06:52:42.776480
6145810136263,993,voice,6043934147655,29,2024-01-01 06:49:29.909621
7149200984772,388,video,2158924138395,149,2024-01-01 06:54:58.108574
4905896672307,1610,video,8512814357660,104,2024-01-01 06:43:04.727489
1290721768682,1645,video,2018607124786,784,2024-01-01 06:46:35.035642
5445520287507,235,voice,8759199354379,738,2024-01-01 06:49:51.045869
0530106927720,1396,voice,2330134186908,567,2024-01-01 06:44:08.815933
7368389079392,836,video,1639703218740,694,2024-01-01 06:43:26.371241
0714679445223,1327,video,7293196637797,292,2024-01-01 06:56:08.480840
1498364229654,1860,voice,7063054044945,1397,2024-01-01 06:52:00.011602
6317928958326,1898,video,9479294335520,1679,2024-01-01 06:55:40.591810
9143350916039,1552,voice,8185833987296,519,2024-01-01 06:50:07.231402
4798211722488,1062,voice,7003611629127,1775,2024-01-01 06:56:05.750676
0290510293022,257,voice,5954365215713,1043,2024-01-01 06:55:51.536414
4171809663083,908,video,3177563472613,431,2024-01-01 06:54:32.627981
5197424740956,1792,voice,7930665247534,1268,2024-01-01 06:43:43.375326
4790007915600,171,voice,3963018752060,1118,2024-01-01 06:57:44.399075
5892688858614,1891,voice,7066831614594,41,2024-01-01 06:57:50.221872
0643022300967,1999,video,4439911249169,739,2024-01-01 06:46:27.986228
8854799985109,659,voice,0858575417692,795,2024-01-01 06:55:03.539562
5207361156893,1897,video,2996331347140,945,2024-01-01 06:47:10.469575
0138942408308,1473,voice,9414292618009,1748,2024-01-01 06:55:25.602806
0306229143004,1775,video,7140017849803,1000,2024-01-01 06:43:52.709375
4495667115535,1471,video,7540407795112,953,2024-01-01 06:50:30.727880
5924384735939,363,voice,1608908306499,462,2024-01-01 06:54:35.587303
7372532888453,1371,voice,1149951537205,125,2024-01-01 06:43:11.336719
3300425676985,1743,voice,2565628313746,172,2024-01-01 06:47:19.555794
2641907722265,1703,video,0854460410358,1028,2024-01-01 06:48:20.711978
3592184361430,230,video,5417120646529,519,2024-01-01 06:55:12.617839
7495621095583,395,voice,7819427035856,715,2024-01-01 06:44:47.834925
2187671343428,212,video,6133838902900,1198,2024-01-01 06:45:27.582113
6694069452785,278,video,1778745226498,1710,2024-01-01 06:45:36.720470
1498701210018,936,voice,2368080048067,222,2024-01-01 06:50:11.161260
6253359033097,1220,voice,7295320761848,32,2024-01-01 06:56:17.329544
9860140095524,958,voice,2893541192721,1783,2024-01-01 06:58:14.930296
2361862043703,469,voice,1190155924935,1608,2024-01-01 06:49:23.357044
